Model,Accuracy,F1 Score,ROC AUC
Logistic Regression,0.8212290502793296,0.8199351290861244,0.8945945945945947
Random Forest,0.8044692737430168,0.8007541574693414,0.8817889317889318
LightGBM,0.7877094972067039,0.7848425964772819,0.8586872586872587
XGBoost,0.7821229050279329,0.776144235037779,0.872072072072072
