Model,Accuracy,F1 Score,ROC AUC
Logistic Regression,0.8212290502793296,0.8199351290861244,0.8945945945945947
Random Forest,0.8156424581005587,0.8128293265367463,0.8890604890604891
LightGBM,0.8044692737430168,0.8027693955463191,0.8785070785070784
XGBoost,0.7932960893854749,0.7876240178563544,0.8808880308880308
